[{"model": "admin_interface.theme", "pk": 1, "fields": {"name": "Django", "active": true, "title": "Django administration", "title_color": "#F5DD5D", "title_visible": true, "logo": "", "logo_color": "#FFFFFF", "logo_max_width": 400, "logo_max_height": 100, "logo_visible": true, "favicon": "", "env_name": "", "env_color": "#E74C3C", "env_visible_in_header": true, "env_visible_in_favicon": true, "language_chooser_active": true, "language_chooser_control": "default-select", "language_chooser_display": "code", "css_header_background_color": "#0C4B33", "css_header_text_color": "#44B78B", "css_header_link_color": "#FFFFFF", "css_header_link_hover_color": "#C9F0DD", "css_module_background_color": "#44B78B", "css_module_background_selected_color": "#FFFFCC", "css_module_text_color": "#FFFFFF", "css_module_link_color": "#FFFFFF", "css_module_link_selected_color": "#FFFFFF", "css_module_link_hover_color": "#C9F0DD", "css_module_rounded_corners": true, "css_generic_link_color": "#0C3C26", "css_generic_link_hover_color": "#156641", "css_generic_link_active_color": "#29B864", "css_save_button_background_color": "#0C4B33", "css_save_button_background_hover_color": "#0C3C26", "css_save_button_text_color": "#FFFFFF", "css_delete_button_background_color": "#BA2121", "css_delete_button_background_hover_color": "#A41515", "css_delete_button_text_color": "#FFFFFF", "related_modal_active": true, "related_modal_background_color": "#000000", "related_modal_background_opacity": "0.3", "related_modal_rounded_corners": true, "related_modal_close_button_visible": true, "list_filter_highlight": true, "list_filter_dropdown": true, "list_filter_sticky": true, "list_filter_removal_links": false, "foldable_apps": true, "show_fieldsets_as_tabs": false, "show_inlines_as_tabs": true, "collapsible_stacked_inlines": false, "collapsible_stacked_inlines_collapsed": true, "collapsible_tabular_inlines": false, "collapsible_tabular_inlines_collapsed": true, "recent_actions_visible": true, "form_submit_sticky": false, "form_pagination_sticky": false}}, {"model": "auth.user", "pk": 1, "fields": {"password": "pbkdf2_sha256$720000$H3FZPK7Q7CT7C7gYH1Qht6$2fBEXdMwrO0TKBu60W0Sg6wM7DAAAviiLB3c2nrNDJY=", "last_login": "2024-06-26T08:14:20.313Z", "is_superuser": true, "username": "admin", "first_name": "", "last_name": "", "email": "", "is_staff": true, "is_active": true, "date_joined": "2024-06-21T09:59:22.504Z", "groups": [], "user_permissions": []}}, {"model": "sessions.session", "pk": "25phwvv82ao5eeyt9d1mug3wjex77htk", "fields": {"session_data": ".eJxVjDsOwyAQBe9CHSF2-RhSpvcZECyr4CTCkrGrKHePLblI2pl57y1i2tYat85LnIq4ChCXX5YTPbkdojxSu8-S5rYuU5ZHIk_b5TgXft3O9u-gpl739eCtcg68s4UZdHBgA1kDpBQhGBg862x2FIqnpI1jhQhgLaJBQ1p8vp-TNek:1sKrw3:rW0JMG-8jOhf6ga6BksYxfCSfnFgYWy1BxWOtsRlQgc", "expire_date": "2024-07-06T04:01:07.872Z"}}, {"model": "sessions.session", "pk": "52wzlh7hbhgfy9himm9htw822lrt1o5x", "fields": {"session_data": ".eJxVjDsOwyAQBe9CHSF2-RhSpvcZECyr4CTCkrGrKHePLblI2pl57y1i2tYat85LnIq4ChCXX5YTPbkdojxSu8-S5rYuU5ZHIk_b5TgXft3O9u-gpl739eCtcg68s4UZdHBgA1kDpBQhGBg862x2FIqnpI1jhQhgLaJBQ1p8vp-TNek:1sKb6v:ptoE98b-oX3lveEI6nbgFK8-FzrcYXrDAThn63yUQy0", "expire_date": "2024-07-05T10:03:13.339Z"}}, {"model": "sessions.session", "pk": "ns7a5a4elazmqyoj3595muiv3dw5fpxh", "fields": {"session_data": ".eJxVjDsOwyAQBe9CHSF2-RhSpvcZECyr4CTCkrGrKHePLblI2pl57y1i2tYat85LnIq4ChCXX5YTPbkdojxSu8-S5rYuU5ZHIk_b5TgXft3O9u-gpl739eCtcg68s4UZdHBgA1kDpBQhGBg862x2FIqnpI1jhQhgLaJBQ1p8vp-TNek:1sLfk0:CDrNZAQ9cSFIVEH-CwR3H7WxcIPbh7GG1BVAsfAyWn8", "expire_date": "2024-07-08T09:12:00.555Z"}}, {"model": "sessions.session", "pk": "tc0brekmn7m3u1ggbqg4akcmti5m22rn", "fields": {"session_data": ".eJxVjDsOwyAQBe9CHSF2-RhSpvcZECyr4CTCkrGrKHePLblI2pl57y1i2tYat85LnIq4ChCXX5YTPbkdojxSu8-S5rYuU5ZHIk_b5TgXft3O9u-gpl739eCtcg68s4UZdHBgA1kDpBQhGBg862x2FIqnpI1jhQhgLaJBQ1p8vp-TNek:1sMNnI:qmtdRGzlX92owzhyN23eFjylRNtSmF6aen9jPYrrxuI", "expire_date": "2024-07-10T08:14:20.316Z"}}, {"model": "web.hotel", "pk": 1, "fields": {"order": 1, "title": "Greenleaves countryside inn", "slug": "greenleaves-countryside-inn", "price": 290, "per": "Night", "place": "Ooty, Nilagiri", "description": "Greenleaves the countryside inn situated at kuruthukuli in the village of Nilgiri hills. it is 8 Kms away from ooty bus stand and railway station, Greenleaves the countryside inn stands out at kuruthukuli, isolated and surrounded by the inspiring sight of tea gardens, shola forest and winding paths. A walk or cycling in the area with the cool breeze whistling and the singing of birds in the entire calmness will definitly make you..! Feel that you are at a place with a difference. It is best for families and couples.", "video_url": "https://www.youtube.com/watch?v=4tm8y03CHQ0", "video_cover_image": "cover-image/10_EISFny9.webp"}}, {"model": "web.hotel", "pk": 2, "fields": {"order": 2, "title": "Greencase", "slug": "greencase", "price": 290, "per": "Night", "place": "Ooty", "description": "The moment you reach Ooty, you get away from the noisy and maddening hustle bustle of a city life and embrace the peaceful valley side with most beautiful scenic view, but not away from city centre of ooty. Breathe the crisp mountain air and where you hear the occasional chirping of the birds. The perfect way to start your holiday getaway at...Green casa.. Green casa welcomes to you heritage style stay. You entering through kerala style \"padipura\"..!!. And you can enjoy with our scenic garden. Ideally arranged cottages at your privacy with calm and peaceful surroundings. Echo friendly environment and calm atmosphere... Green Casa is a resort that provides lodging and, often time food and other services for travellers and other guests. Green casa comprises Single bedrooms, Double bedrooms, Tripple and Multiple Occupancy rooms, Suite rooms and Domentory at most affordable price with utmost luxury without any compromise on Quality. Take a break from the activities of daily life and enjoy with well maintained garden of green casa... Comfort is everywhere. but we also give happiness. Feel that you are at a place with a difference", "video_url": "https://www.youtube.com/watch?v=ebLGVMPx1og", "video_cover_image": "cover-image/Frame_3.png"}}, {"model": "web.hotel", "pk": 3, "fields": {"order": 3, "title": "Sumana stays", "slug": "sumana-stays", "price": 104, "per": "Night", "place": "Ooty", "description": "Sumana stays, Located in south weak,2.5kms from the city and easy accessible from main road.\r\nA calm and quite property near the city with 1 bedroom 2 bedroom 3 bedroom and 4 bedroom apartments and single rooms.The property is near to the tourist attractions and budget friendly.", "video_url": "https://www.youtube.com/watch?v=sn5qTCdoWSc", "video_cover_image": "cover-image/9_1.webp"}}, {"model": "web.hotel", "pk": 4, "fields": {"order": 4, "title": "The Chill Inn", "slug": "the-chill-inn", "price": 104, "per": "Night", "place": "Ooty", "description": "A true family holiday villa in heart of Ooty with an outdoor fire place and garden area. The spacious villa is composed of 3 bedrooms, a living room and a fully equipped kitchen. Balcony opens to the nature.", "video_url": "https://www.youtube.com/watch?v=4Zxshm3OTmc", "video_cover_image": "cover-image/the-chill-inn-cover-img.png"}}, {"model": "web.hotel", "pk": 5, "fields": {"order": 5, "title": "Greenleaves apartments", "slug": "greenleaves-apartments", "price": 290, "per": "Night", "place": "Ooty", "description": "Have 2bhk and 3bhk apartments in center of ooty city, from the apartments all tourist location will be nearest. Apartments have 8 adults, 6 adults and 13 adults bed space, and offering a finest comfortable for the guests.", "video_url": "https://www.youtube.com/watch?v=sn5qTCdoWSc", "video_cover_image": "cover-image/greenleaves-apartments-cover-img.png"}}, {"model": "web.hotel", "pk": 6, "fields": {"order": 6, "title": "Earth Songs", "slug": "earth-songs", "price": 104, "per": "Night", "place": "Ooty, kotagiri", "description": "Earth Songs Apartment, situated 24 km from Ooty and 14 km from Kotagiri, offers a serene escape in the picturesque Nilgiri Hills. This charming retreat combines modern comforts with nature's tranquility, featuring tastefully decorated interiors and private balconies with stunning views of lush greenery and rolling hills. Ideal for relaxation and rejuvenation, guests can enjoy leisurely walks, adventurous treks, and the cool mountain air, making it a perfect base for exploring the natural beauty of the region.", "video_url": "https://www.youtube.com/watch?v=gASoUBRxw_w", "video_cover_image": "cover-image/Earth-songs-cover-img.png"}}, {"model": "web.hotelimage", "pk": 78, "fields": {"hotel": 1, "image": "Hotel-images/DSC00797.jpg"}}, {"model": "web.hotelimage", "pk": 79, "fields": {"hotel": 1, "image": "Hotel-images/DSC00550_zHfhzxJ.jpg"}}, {"model": "web.hotelimage", "pk": 80, "fields": {"hotel": 1, "image": "Hotel-images/DSC00470_WpxlLBq.jpg"}}, {"model": "web.hotelimage", "pk": 81, "fields": {"hotel": 1, "image": "Hotel-images/DSC00467.jpg"}}, {"model": "web.hotelimage", "pk": 82, "fields": {"hotel": 1, "image": "Hotel-images/DSC00452.jpg"}}, {"model": "web.hotelimage", "pk": 83, "fields": {"hotel": 1, "image": "Hotel-images/DSC00449_X3Qqg9E.jpg"}}, {"model": "web.hotelimage", "pk": 84, "fields": {"hotel": 1, "image": "Hotel-images/DSC00436.jpg"}}, {"model": "web.hotelimage", "pk": 85, "fields": {"hotel": 1, "image": "Hotel-images/DSC00433_ABsK7lf.jpg"}}, {"model": "web.hotelimage", "pk": 86, "fields": {"hotel": 1, "image": "Hotel-images/DSC00426_VTT7M3L.jpg"}}, {"model": "web.hotelimage", "pk": 87, "fields": {"hotel": 1, "image": "Hotel-images/DSC00423.jpg"}}, {"model": "web.hotelimage", "pk": 88, "fields": {"hotel": 1, "image": "Hotel-images/DSC00405_EKWJVkD.jpg"}}, {"model": "web.hotelimage", "pk": 89, "fields": {"hotel": 1, "image": "Hotel-images/DSC00394.jpg"}}, {"model": "web.hotelimage", "pk": 90, "fields": {"hotel": 1, "image": "Hotel-images/DJI_0354_HW82k26.jpg"}}, {"model": "web.hotelimage", "pk": 91, "fields": {"hotel": 2, "image": "Hotel-images/DSC09528-1_HmNVMVM.jpg"}}, {"model": "web.hotelimage", "pk": 92, "fields": {"hotel": 2, "image": "Hotel-images/DSC09160.jpg"}}, {"model": "web.hotelimage", "pk": 93, "fields": {"hotel": 2, "image": "Hotel-images/DSC09143.jpg"}}, {"model": "web.hotelimage", "pk": 94, "fields": {"hotel": 2, "image": "Hotel-images/DSC09124_6lqhtHq.jpg"}}, {"model": "web.hotelimage", "pk": 95, "fields": {"hotel": 2, "image": "Hotel-images/DSC09114_pBNDgoN.jpg"}}, {"model": "web.hotelimage", "pk": 96, "fields": {"hotel": 2, "image": "Hotel-images/DSC09074_JDmFzMZ.jpg"}}, {"model": "web.hotelimage", "pk": 97, "fields": {"hotel": 2, "image": "Hotel-images/DSC00986-1_3hbjkO8.jpg"}}, {"model": "web.hotelimage", "pk": 98, "fields": {"hotel": 2, "image": "Hotel-images/DSC00981_7ivEoXx.jpg"}}, {"model": "web.hotelimage", "pk": 99, "fields": {"hotel": 2, "image": "Hotel-images/DSC00917_jm5Vpmx.jpg"}}, {"model": "web.hotelimage", "pk": 100, "fields": {"hotel": 2, "image": "Hotel-images/DJI_0328_Na3rFWN.jpg"}}, {"model": "web.hotelimage", "pk": 101, "fields": {"hotel": 3, "image": "Hotel-images/WhatsApp_Image_2023-11-25_at_5.22.54_PM.jpeg"}}, {"model": "web.hotelimage", "pk": 102, "fields": {"hotel": 3, "image": "Hotel-images/WhatsApp_Image_2023-12-08_at_11.20.07_AM.jpeg"}}, {"model": "web.hotelimage", "pk": 103, "fields": {"hotel": 3, "image": "Hotel-images/WhatsApp_Image_2024-02-29_at_11.07.07_AM.jpeg"}}, {"model": "web.hotelimage", "pk": 104, "fields": {"hotel": 3, "image": "Hotel-images/WhatsApp_Image_2024-02-29_at_11.07.07_AM_1.jpeg"}}, {"model": "web.hotelimage", "pk": 105, "fields": {"hotel": 3, "image": "Hotel-images/WhatsApp_Image_2024-02-29_at_11.13.57_AM_2.jpeg"}}, {"model": "web.hotelimage", "pk": 106, "fields": {"hotel": 3, "image": "Hotel-images/WhatsApp_Image_2024-02-29_at_11.17.22_AM.jpeg"}}, {"model": "web.hotelimage", "pk": 107, "fields": {"hotel": 3, "image": "Hotel-images/WhatsApp_Image_2024-02-29_at_11.32.25_AM.jpeg"}}, {"model": "web.hotelimage", "pk": 108, "fields": {"hotel": 3, "image": "Hotel-images/WhatsApp_Image_2024-02-29_at_11.47.12_AM.jpeg"}}, {"model": "web.hotelimage", "pk": 109, "fields": {"hotel": 4, "image": "Hotel-images/WhatsApp_Image_2023-11-13_at_1.28.37_PM_1_rayjR2K.jpeg"}}, {"model": "web.hotelimage", "pk": 110, "fields": {"hotel": 4, "image": "Hotel-images/WhatsApp_Image_2023-11-04_at_12.34.46_PM.jpeg"}}, {"model": "web.hotelimage", "pk": 111, "fields": {"hotel": 4, "image": "Hotel-images/WhatsApp_Image_2023-11-04_at_12.34.49_PM.jpeg"}}, {"model": "web.hotelimage", "pk": 112, "fields": {"hotel": 4, "image": "Hotel-images/WhatsApp_Image_2023-11-04_at_12.34.49_PM_1.jpeg"}}, {"model": "web.hotelimage", "pk": 113, "fields": {"hotel": 4, "image": "Hotel-images/WhatsApp_Image_2023-11-04_at_12.34.51_PM_2.jpeg"}}, {"model": "web.hotelimage", "pk": 114, "fields": {"hotel": 4, "image": "Hotel-images/WhatsApp_Image_2023-11-04_at_12.34.52_PM.jpeg"}}, {"model": "web.hotelimage", "pk": 115, "fields": {"hotel": 4, "image": "Hotel-images/WhatsApp_Image_2023-11-04_at_12.34.52_PM_1.jpeg"}}, {"model": "web.hotelimage", "pk": 116, "fields": {"hotel": 4, "image": "Hotel-images/WhatsApp_Image_2023-11-13_at_1.28.36_PM.jpeg"}}, {"model": "web.hotelimage", "pk": 118, "fields": {"hotel": 5, "image": "Hotel-images/WhatsApp_Image_2022-10-16_at_5.35.08_PM.jpeg"}}, {"model": "web.hotelimage", "pk": 119, "fields": {"hotel": 5, "image": "Hotel-images/DSC09891.jpg"}}, {"model": "web.hotelimage", "pk": 120, "fields": {"hotel": 5, "image": "Hotel-images/DSC09897.jpg"}}, {"model": "web.hotelimage", "pk": 121, "fields": {"hotel": 5, "image": "Hotel-images/A_._1.jpeg"}}, {"model": "web.hotelimage", "pk": 122, "fields": {"hotel": 4, "image": "Hotel-images/WhatsApp_Image_2023-03-01_at_7.57.12_PM_2_zg5aK7N.jpeg"}}, {"model": "web.hotelimage", "pk": 123, "fields": {"hotel": 6, "image": "Hotel-images/photo_13_2024-06-19_09-20-24_lHK9Ebd.jpg"}}, {"model": "web.hotelimage", "pk": 124, "fields": {"hotel": 6, "image": "Hotel-images/photo_23_2024-06-19_09-20-24.jpg"}}, {"model": "web.hotelimage", "pk": 125, "fields": {"hotel": 6, "image": "Hotel-images/photo_22_2024-06-19_09-20-24.jpg"}}, {"model": "web.hotelimage", "pk": 126, "fields": {"hotel": 6, "image": "Hotel-images/photo_21_2024-06-19_09-20-24.jpg"}}, {"model": "web.hotelimage", "pk": 127, "fields": {"hotel": 6, "image": "Hotel-images/photo_20_2024-06-19_09-20-24.jpg"}}, {"model": "web.hotelimage", "pk": 128, "fields": {"hotel": 6, "image": "Hotel-images/photo_19_2024-06-19_09-20-24.jpg"}}, {"model": "web.hotelimage", "pk": 129, "fields": {"hotel": 6, "image": "Hotel-images/photo_18_2024-06-19_09-20-24.jpg"}}, {"model": "web.hotelimage", "pk": 130, "fields": {"hotel": 6, "image": "Hotel-images/photo_18_2024-06-19_09-20-24_iy7XmNU.jpg"}}, {"model": "web.hotelimage", "pk": 131, "fields": {"hotel": 6, "image": "Hotel-images/photo_17_2024-06-19_09-20-24.jpg"}}, {"model": "web.hotelimage", "pk": 132, "fields": {"hotel": 6, "image": "Hotel-images/photo_16_2024-06-19_09-20-24.jpg"}}, {"model": "web.hotelimage", "pk": 133, "fields": {"hotel": 6, "image": "Hotel-images/photo_15_2024-06-19_09-20-24.jpg"}}, {"model": "web.hotelimage", "pk": 135, "fields": {"hotel": 6, "image": "Hotel-images/photo_24_2024-06-19_09-20-24_vyzRCLo.jpg"}}, {"model": "web.hotelservice", "pk": 1, "fields": {"hotel": 1, "title": "Food", "image": "hotel_service/8.webp"}}, {"model": "web.hotelservice", "pk": 2, "fields": {"hotel": 1, "title": "Room", "image": "hotel_service/10.webp"}}, {"model": "web.hotelservice", "pk": 3, "fields": {"hotel": 2, "title": "Premium Rooms", "image": "hotel_service/4.webp"}}, {"model": "web.hotelservice", "pk": 4, "fields": {"hotel": 2, "title": "Reconnect with Nature", "image": "hotel_service/1.webp"}}, {"model": "web.hotelservice", "pk": 5, "fields": {"hotel": 2, "title": "Comfort and Luxury", "image": "hotel_service/5.webp"}}, {"model": "web.hotelservice", "pk": 6, "fields": {"hotel": 2, "title": "Experience Green Casa", "image": "hotel_service/8_VcRwVOg.webp"}}, {"model": "web.hotelservice", "pk": 7, "fields": {"hotel": 3, "title": "Comfort and Luxury", "image": "hotel_service/1_LQc8Y2t.webp"}}, {"model": "web.hotelservice", "pk": 8, "fields": {"hotel": 3, "title": "Premium Rooms", "image": "hotel_service/4_Xi0rBqq.webp"}}, {"model": "web.hotelservice", "pk": 9, "fields": {"hotel": 4, "title": "Premium Rooms", "image": "hotel_service/WhatsApp_Image_2023-11-04_at_12.34.52_PM_1.jpeg"}}, {"model": "web.hotelservice", "pk": 10, "fields": {"hotel": 4, "title": "Reconnect with Nature", "image": "hotel_service/WhatsApp_Image_2023-11-13_at_1.28.37_PM_1.jpeg"}}, {"model": "web.hotelservice", "pk": 11, "fields": {"hotel": 5, "title": "Premium Rooms", "image": "hotel_service/A_._1.jpeg"}}, {"model": "web.hotelservice", "pk": 12, "fields": {"hotel": 5, "title": "Reconnect with Nature", "image": "hotel_service/WhatsApp_Image_2022-10-16_at_5.35.08_PM.jpeg"}}, {"model": "web.hotelservice", "pk": 13, "fields": {"hotel": 6, "title": "Premium Rooms", "image": "hotel_service/photo_7_2024-06-19_09-20-24.jpg"}}, {"model": "web.hotelservice", "pk": 14, "fields": {"hotel": 6, "title": "Reconnect with Nature", "image": "hotel_service/photo_13_2024-06-19_09-20-24.jpg"}}, {"model": "web.hotelfacilitycategory", "pk": 1, "fields": {"title": "Fecility"}}, {"model": "web.hotelfacilitycategory", "pk": 5, "fields": {"title": "Extra-Features"}}, {"model": "web.hotelfacilitycategory", "pk": 7, "fields": {"title": "Room"}}, {"model": "web.hotelfacilitycategory", "pk": 10, "fields": {"title": "Premium-Facilities"}}, {"model": "web.hotelfacility", "pk": 1, "fields": {"category": 1, "hotel": 1, "icon": "fa-solid fa-bicycle", "title": "Extra Features", "description": "Call on taxi,"}}, {"model": "web.hotelfacility", "pk": 2, "fields": {"category": 1, "hotel": 1, "icon": "fa-solid fa-bed", "title": "Rooms", "description": "24 hrs hot water,"}}, {"model": "web.hotelfacility", "pk": 3, "fields": {"category": 1, "hotel": 1, "icon": "fa-solid fa-bowl-food", "title": "Food", "description": "Breakfast, Lunch, Supper"}}, {"model": "web.hotelfacility", "pk": 4, "fields": {"category": 5, "hotel": 1, "icon": "fa-solid fa-tractor", "title": "Farm visit", "description": "Farm visit"}}, {"model": "web.hotelfacility", "pk": 5, "fields": {"category": 5, "hotel": 1, "icon": "fa-solid fa-bicycle", "title": "Bicycle (on request)", "description": "Bicycle"}}, {"model": "web.hotelfacility", "pk": 6, "fields": {"category": 5, "hotel": 1, "icon": "fa-solid fa-wind", "title": "Hair Drayer", "description": "Hair Drayer"}}, {"model": "web.hotelfacility", "pk": 7, "fields": {"category": 1, "hotel": 2, "icon": "fa-solid fa-bowl-food", "title": "Breakfast Lunch Supper", "description": "Breakfast, Lunch, Supper"}}, {"model": "web.hotelfacility", "pk": 8, "fields": {"category": 7, "hotel": 2, "icon": "fa-solid fa-bottle-water", "title": "Hot water", "description": "Hot water"}}, {"model": "web.hotelfacility", "pk": 9, "fields": {"category": 7, "hotel": 2, "icon": "fa-solid fa-bag-shopping", "title": "Complinentary kit", "description": "Complinentary kit"}}, {"model": "web.hotelfacility", "pk": 10, "fields": {"category": 7, "hotel": 2, "icon": "fa-solid fa-wifi", "title": "Wi fi", "description": "free wifi"}}, {"model": "web.hotelfacility", "pk": 11, "fields": {"category": 7, "hotel": 2, "icon": "fa-solid fa-wind", "title": "Hair dryer", "description": "(On Request)"}}, {"model": "web.hotelfacility", "pk": 12, "fields": {"category": 5, "hotel": 2, "icon": "fa-solid fa-person-booth", "title": "Room service", "description": "Room service"}}, {"model": "web.hotelfacility", "pk": 20, "fields": {"category": 5, "hotel": 2, "icon": "fa-solid fa-car", "title": "Call on taxi", "description": "Call on taxi"}}, {"model": "web.hotelfacility", "pk": 21, "fields": {"category": 5, "hotel": 2, "icon": "fa-solid fa-person-biking", "title": "Bicycle(on request)", "description": "Bicycle(on request)"}}, {"model": "web.hotelfacility", "pk": 22, "fields": {"category": 5, "hotel": 2, "icon": "fa-solid fa-fan", "title": "Hair dryer(on request)", "description": "Hair dryer(on request)"}}, {"model": "web.hotelfacility", "pk": 23, "fields": {"category": 10, "hotel": 2, "icon": "fa-solid fa-fire-burner", "title": "Campfire", "description": "Campfire"}}, {"model": "web.hotelfacility", "pk": 24, "fields": {"category": 10, "hotel": 2, "icon": "fa-solid fa-temperature-arrow-up", "title": "Room Heater", "description": "Room Heater"}}, {"model": "web.hotelfacility", "pk": 25, "fields": {"category": 10, "hotel": 2, "icon": "fa-solid fa-user-tie", "title": "Tourist Guide", "description": "Tourist Guide"}}, {"model": "web.hotelfacility", "pk": 26, "fields": {"category": 10, "hotel": 2, "icon": "fa-solid fa-jug-detergent", "title": "Laundry & Iron", "description": "Laundry & Iron"}}, {"model": "web.hotelfacility", "pk": 27, "fields": {"category": 10, "hotel": 2, "icon": "fa-solid fa-drumstick-bite", "title": "Barbeque", "description": "Barbeque"}}, {"model": "web.hotelfacility", "pk": 29, "fields": {"category": 1, "hotel": 3, "icon": "fa-solid fa-bowl-food", "title": "Food", "description": "Breakfast Lunch Supper"}}, {"model": "web.hotelfacility", "pk": 30, "fields": {"category": 1, "hotel": 3, "icon": "fa-solid fa-bottle-water", "title": "Hot water", "description": "Hot water"}}, {"model": "web.hotelfacility", "pk": 31, "fields": {"category": 1, "hotel": 3, "icon": "fa-solid fa-bag-shopping", "title": "Complinentary kit", "description": "Complinentary kit"}}, {"model": "web.hotelfacility", "pk": 32, "fields": {"category": 5, "hotel": 3, "icon": "fa-solid fa-tractor", "title": "Farm visit", "description": "Farm visit"}}, {"model": "web.hotelfacility", "pk": 33, "fields": {"category": 5, "hotel": 3, "icon": "fa-solid fa-wind", "title": "Hair dryer", "description": "(On Request)"}}, {"model": "web.hotelfacility", "pk": 34, "fields": {"category": 7, "hotel": 3, "icon": "fa-solid fa-person-booth", "title": "Room service", "description": "Room service"}}, {"model": "web.hotelfacility", "pk": 35, "fields": {"category": 10, "hotel": 3, "icon": "fa-solid fa-car", "title": "Call on taxi", "description": "Call on taxi"}}, {"model": "web.hotelfacility", "pk": 36, "fields": {"category": 10, "hotel": 3, "icon": "fa-solid fa-person-biking", "title": "Bicycle(on request)", "description": "Bicycle(on request)"}}, {"model": "web.hotelfacility", "pk": 37, "fields": {"category": 1, "hotel": 4, "icon": "fa-solid fa-bowl-food", "title": "Food", "description": "Breakfast, Lunch, Supper"}}, {"model": "web.hotelfacility", "pk": 38, "fields": {"category": 7, "hotel": 4, "icon": "fa-solid fa-bed", "title": "Rooms", "description": "Premium Rooms"}}, {"model": "web.hotelfacility", "pk": 39, "fields": {"category": 5, "hotel": 4, "icon": "fa-solid fa-bag-shopping", "title": "Complinentary kit", "description": "Complinentary kit"}}, {"model": "web.hotelfacility", "pk": 40, "fields": {"category": 10, "hotel": 4, "icon": "fa-solid fa-wifi", "title": "Wi fi", "description": "free wifi"}}, {"model": "web.hotelfacility", "pk": 41, "fields": {"category": 10, "hotel": 4, "icon": "fa-solid fa-bicycle", "title": "Bicycle (on request)", "description": "(On Request)"}}, {"model": "web.hotelfacility", "pk": 42, "fields": {"category": 1, "hotel": 4, "icon": "fa-solid fa-wind", "title": "Hair Drayer", "description": "Hair Drayer"}}, {"model": "web.hotelfacility", "pk": 43, "fields": {"category": 1, "hotel": 5, "icon": "fa-solid fa-bowl-food", "title": "Food", "description": "Breakfast, Lunch, Supper"}}, {"model": "web.hotelfacility", "pk": 44, "fields": {"category": 7, "hotel": 5, "icon": "fa-solid fa-bed", "title": "Rooms", "description": "Premium Rooms"}}, {"model": "web.hotelfacility", "pk": 45, "fields": {"category": 10, "hotel": 5, "icon": "fa-solid fa-bag-shopping", "title": "Complinentary kit", "description": "Complinentary kit"}}, {"model": "web.hotelfacility", "pk": 46, "fields": {"category": 5, "hotel": 5, "icon": "fa-solid fa-tractor", "title": "Farm visit", "description": "Farm visit"}}, {"model": "web.hotelfacility", "pk": 47, "fields": {"category": 5, "hotel": 5, "icon": "fa-solid fa-wind", "title": "Hair dryer", "description": "(On Request)"}}, {"model": "web.hotelfacility", "pk": 48, "fields": {"category": 7, "hotel": 5, "icon": "fa-solid fa-person-booth", "title": "Room service", "description": "Room service"}}, {"model": "web.hotelfacility", "pk": 49, "fields": {"category": 1, "hotel": 5, "icon": "fa-solid fa-bicycle", "title": "Bicycle", "description": "Bicycle(on request)"}}, {"model": "web.hotelfacility", "pk": 50, "fields": {"category": 1, "hotel": 6, "icon": "fa-solid fa-bowl-food", "title": "Food", "description": "Breakfast, Lunch, Supper"}}, {"model": "web.hotelfacility", "pk": 51, "fields": {"category": 7, "hotel": 6, "icon": "fa-solid fa-bed", "title": "Rooms", "description": "Premium Rooms"}}, {"model": "web.hotelfacility", "pk": 52, "fields": {"category": 10, "hotel": 6, "icon": "fa-solid fa-bag-shopping", "title": "Complinentary kit", "description": "Complinentary kit"}}, {"model": "web.hotelfacility", "pk": 53, "fields": {"category": 1, "hotel": 6, "icon": "fa-solid fa-wifi", "title": "Wi fi", "description": "free wifi"}}, {"model": "web.hotelfacility", "pk": 54, "fields": {"category": 5, "hotel": 6, "icon": "fa-solid fa-wind", "title": "Hair dryer", "description": "(On Request)"}}, {"model": "web.hotelfacility", "pk": 55, "fields": {"category": 10, "hotel": 6, "icon": "fa-solid fa-person-booth", "title": "Room service", "description": "Room service"}}, {"model": "web.hotelfacility", "pk": 56, "fields": {"category": 10, "hotel": 6, "icon": "fa-solid fa-bicycle", "title": "Bicycle", "description": "Bicycle(on request)"}}, {"model": "web.facility", "pk": 1, "fields": {"image": "Facility/10.webp", "title": "Farm visit"}}, {"model": "web.facility", "pk": 2, "fields": {"image": "Facility/8.webp", "title": "Call on taxi"}}, {"model": "web.facility", "pk": 3, "fields": {"image": "Facility/1.webp", "title": "premium facilities"}}, {"model": "web.facility", "pk": 4, "fields": {"image": "Facility/2.webp", "title": "closely connecting with nature"}}, {"model": "web.facility", "pk": 5, "fields": {"image": "Facility/9.webp", "title": "Comfort and Luxury"}}, {"model": "web.facility", "pk": 6, "fields": {"image": "Facility/10_198g0If.webp", "title": "Serene and Private Accommodations"}}, {"model": "web.nearplace", "pk": 1, "fields": {"order": 1, "title": "Sightseeing Place in Ooty!", "slug": "sightseeing-places-in-ooty"}}, {"model": "web.nearplace", "pk": 2, "fields": {"order": 2, "title": "Sightseeing Place in Gudalr", "slug": "sightseeing-place-in-gudalr"}}, {"model": "web.nearplacecontent", "pk": 1, "fields": {"near_place": 1, "title": "Ooty lake, boat house", "place": "Ooty lake, boat house", "image": "media/10.webp", "locaton_url": "https://maps.app.goo.gl/iyzDKGZMgSYS7Laf7", "description": "Boating on this man-made lake is an elegant way to enjoy the serene view and rich biodiversity; taking a slow pedal boat ride or a rowboat will make the aesthetic experience extra addictive. The restaurants will give an opportunity to relish the delicacies of Nilgiris."}}, {"model": "web.nearplacecontent", "pk": 2, "fields": {"near_place": 2, "title": "Pine forest", "place": "Pine forest", "image": "media/9.webp", "locaton_url": null, "description": "The pine forests are one among the preserved treasures of Kodaikanal which would mesmerize the tourists by its ambiance. This place is a gift of Mother Nature for people who love photography. Enjoy a long walk here, where the echo of the forests will keep you company. Apart from photography and Nature walks, you can also enjoy a horse ride along the trail among these lofty, pine trees."}}, {"model": "web.nearplacecontent", "pk": 3, "fields": {"near_place": 1, "title": "Karnataka siri horticulture Garden", "place": "Karnataka siri horticulture Garden", "image": "media/8.webp", "locaton_url": null, "description": "At a distance of 1.5 km from Ooty Lake, and 3 km from Ooty Railway Station, Karnataka Siri Horticulture Garden is an inter-state garden located at Fern Hill in Ooty. It is the second-largest garden in the hill station of Ooty, and among the must include places in Ooty tour packages"}}, {"model": "web.nearplacefacility", "pk": 1, "fields": {"near_place": 2, "near_place_content": 1, "icon": "fa-solid fa-wifi", "title": "Free wifi"}}, {"model": "web.nearplacefacility", "pk": 2, "fields": {"near_place": 2, "near_place_content": 1, "icon": "fa-solid fa-ship", "title": "Boat service"}}, {"model": "web.nearplacefacility", "pk": 3, "fields": {"near_place": 2, "near_place_content": 1, "icon": "fa-solid fa-person-booth", "title": "Accommodation"}}, {"model": "web.nearplacefacility", "pk": 4, "fields": {"near_place": 2, "near_place_content": 1, "icon": "fa-solid fa-bowl-food", "title": "Food"}}, {"model": "web.nearplacefacility", "pk": 5, "fields": {"near_place": 2, "near_place_content": 3, "icon": "fa-solid fa-wifi", "title": "Free wifi"}}, {"model": "web.nearplacefacility", "pk": 6, "fields": {"near_place": 2, "near_place_content": 3, "icon": "fa-solid fa-bowl-food", "title": "Food"}}, {"model": "web.nearplacefacility", "pk": 7, "fields": {"near_place": 2, "near_place_content": 3, "icon": "fa-solid fa-person-booth", "title": "Accommodation"}}, {"model": "web.nearplacefacility", "pk": 8, "fields": {"near_place": 2, "near_place_content": 3, "icon": "fa-solid fa-chess-king", "title": "premium facility"}}, {"model": "web.nearplacefacility", "pk": 9, "fields": {"near_place": 2, "near_place_content": 2, "icon": "fa-solid fa-wifi", "title": "Free wifi"}}, {"model": "web.nearplacefacility", "pk": 10, "fields": {"near_place": 2, "near_place_content": 2, "icon": "fa-solid fa-bowl-food", "title": "Food"}}, {"model": "web.nearplacefacility", "pk": 11, "fields": {"near_place": 2, "near_place_content": 2, "icon": "fa-solid fa-person-booth", "title": "Accommodation"}}, {"model": "web.nearplacefacility", "pk": 12, "fields": {"near_place": 2, "near_place_content": 2, "icon": "fa-solid fa-chess-king", "title": "premium facility"}}, {"model": "web.update", "pk": 1, "fields": {"title": "The Essence of Greenleaves Holiday Homes", "slug": "the-essence-of-greenleaves-holiday-homes", "description": "From the moment you step through our entrance, you will feel the unique blend of comfort and elegance that defines Greenleaves. Our dedication to hospitality is more than just a promise; it’s woven into every service we provide. Our staff is committed to ensuring that your stay is not just an accommodation but an unforgettable experience. We believe that true hospitality is about making you feel at home, even when you’re miles away from it.", "image": "Update/8.webp"}}, {"model": "web.update", "pk": 2, "fields": {"title": "The Perfect Fusion at Greenleaves Holiday Homes", "slug": "the-perfect-fusion-at-greenleaves-holiday-homes", "description": "Discover the exquisite balance of luxury and simplicity at Greenleaves Holiday Homes. Our unique approach to hospitality ensures that every guest experiences unparalleled comfort without the fuss. Nestled in the heart of nature, our holiday homes provide an escape from the hustle and bustle of city life. Immerse yourself in the serenity of our surroundings and let the elegance of our accommodations enchant you. In this blog, we explore how Greenleaves harmoniously blends opulence with a minimalist aesthetic to create a truly relaxing retreat.", "image": "Update/9.webp"}}, {"model": "web.update", "pk": 3, "fields": {"title": "Embrace Nature's Magic at Greenleaves Holiday Homes", "slug": "embrace-natures-magic-at-greenleaves-holiday-homes", "description": "At Greenleaves Holiday Homes, the magic of nature is at your doorstep. From the moment you arrive, you'll be captivated by the lush greenery and tranquil environment that define our location. This blog delves into the natural wonders that make Greenleaves a haven for those seeking a rejuvenating escape. Learn about the flora and fauna surrounding our holiday homes, and find out how our commitment to preserving the environment enhances your stay. Join us as we celebrate the enchanting beauty of nature that makes Greenleaves a truly special destination.", "image": "Update/2.webp"}}, {"model": "web.gallerycategory", "pk": 1, "fields": {"title": "Resort", "gallery_type": "image_gallery"}}, {"model": "web.gallerycategory", "pk": 2, "fields": {"title": "Other-Images", "gallery_type": "image_gallery"}}, {"model": "web.gallerycategory", "pk": 3, "fields": {"title": "resort-video", "gallery_type": "video_gallery"}}, {"model": "web.gallery", "pk": 1, "fields": {"category": 1, "gallery_type": "image_gallery", "title": "resort image", "image": "gallery/8.webp", "video_url": null}}, {"model": "web.gallery", "pk": 2, "fields": {"category": 2, "gallery_type": "image_gallery", "title": "other image", "image": "gallery/2.webp", "video_url": null}}, {"model": "web.gallery", "pk": 3, "fields": {"category": 1, "gallery_type": "image_gallery", "title": "img-2", "image": "gallery/9.webp", "video_url": null}}, {"model": "web.gallery", "pk": 4, "fields": {"category": 3, "gallery_type": "video_gallery", "title": "resort video", "image": "gallery/2_sNyCEMZ.webp", "video_url": "https://www.youtube.com/watch?v=4tm8y03CHQ0"}}, {"model": "web.hotelenquiry", "pk": 1, "fields": {"hotel": 1, "name": "Precision Manufacturing", "email": "midhlajrahman@gmail.com", "phone": "9037126305", "check_in": "26 May 2024 - 04:20", "check_out": "28 May 2024 - 05:25", "adult": 10, "children": 2}}, {"model": "web.team", "pk": 1, "fields": {"name": "John Smith", "position": "Product manager", "image": "team/images1793-63a3eed38059a.jpg"}}, {"model": "web.team", "pk": 2, "fields": {"name": "Jillian Pacheco", "position": "Technical expert", "image": "team/6a57b6229668e9ccd01b3accbde026bf.jpg"}}, {"model": "web.team", "pk": 3, "fields": {"name": "Jhon Doe", "position": "Digital marketing", "image": "team/best-men-s-suit-brands-u1.jpeg"}}, {"model": "web.team", "pk": 4, "fields": {"name": "Shabeeb", "position": "Seo", "image": "team/portrait-of-smiling-businessman-business-man.jpg"}}, {"model": "web.banner", "pk": 1, "fields": {"title": "Fall in love with nature, from the comfort of our hotels", "sub_title": "Fall in love with nature, from the comfort of our hotels", "image": "banner/Group_8_1.png"}}, {"model": "web.banner", "pk": 2, "fields": {"title": "A Little Away From The Hustle And Bustle City", "sub_title": "A Little Away From The Hustle And Bustle City", "image": "banner/Frame_3_2.png"}}, {"model": "web.client", "pk": 1, "fields": {"title": "green leaves apartment", "image": "client_logos/appartment.webp"}}, {"model": "web.client", "pk": 2, "fields": {"title": "chill in", "image": "client_logos/logo_chill_inn.jpg"}}, {"model": "web.client", "pk": 3, "fields": {"title": "sumana stay", "image": "client_logos/logosumana.png"}}, {"model": "web.client", "pk": 4, "fields": {"title": "green case", "image": "client_logos/logocasa.webp"}}, {"model": "web.testimonial", "pk": 1, "fields": {"name": "Michale", "position": "Guest", "image": "testimonial/client-1.png", "content": "Greenleaves Holiday Homes provided the perfect escape from city life. The peaceful surroundings and well-appointed accommodations exceeded our expectations. The staff was incredibly welcoming and made sure every detail of our stay was taken care of. Highly recommend for anyone looking to unwind in nature's embrace."}}, {"model": "web.faq", "pk": 1, "fields": {"question": "What amenities are available at Greenleaves Holiday Homes?", "answer": "At Greenleaves Holiday Homes, we offer a range of amenities to ensure a luxurious yet simple stay. Our facilities include free Wi-Fi, a swimming pool, a fully equipped fitness cent"}}, {"model": "web.faq", "pk": 2, "fields": {"question": "How far is Greenleaves Holiday Homes from the city center?", "answer": "reenleaves Holiday Homes is strategically located away from the hustle and bustle of the city, providing a perfect escape from city life. Despite being in a tranquil location, it i"}}, {"model": "web.faq", "pk": 3, "fields": {"question": "What safety measures are in place at Greenleaves Holiday Homes?", "answer": "Your safety is our top priority. We have implemented comprehensive safety protocols, including 24-hour security, surveillance cameras, secure entry systems, and regular sanitizatio"}}, {"model": "web.faq", "pk": 4, "fields": {"question": "Are pets allowed at Greenleaves Holiday Homes?", "answer": "Yes, we are a pet-friendly establishment. We understand that pets are part of the family, and we welcome them at Greenleaves Holiday Homes. However, we do have certain policies and"}}, {"model": "web.meta", "pk": 1, "fields": {"page": "home", "title": "Welcome to Greenleaves Holiday Homes", "meta_title": "Luxury Holiday Homes in Serene Surroundings", "meta_description": "Discover luxury holiday homes nestled in serene surroundings at Greenleaves. Escape the city and immerse yourself in tranquility.", "url": null, "image": "meta_image/meta.png"}}, {"model": "web.meta", "pk": 2, "fields": {"page": "about", "title": "About Greenleaves Holiday Homes", "meta_title": "About Us - Luxury Accommodation in Nature's Embrace", "meta_description": "Learn about Greenleaves Holiday Homes, where luxury meets nature's tranquility. Discover our commitment to exceptional hospitality.", "url": null, "image": "meta_image/meta_yAaY9CX.png"}}, {"model": "web.meta", "pk": 3, "fields": {"page": "hotels", "title": "Our Hotels", "meta_title": "Luxury Hotels and Accommodation Options", "meta_description": "Explore our luxury hotels and accommodation options at Greenleaves Holiday Homes. Find your perfect retreat away from the city.", "url": null, "image": "meta_image/meta_YVJKIAU.png"}}, {"model": "web.meta", "pk": 4, "fields": {"page": "image_gallery", "title": "Image Gallery", "meta_title": "Explore Our Image Gallery", "meta_description": "View our image gallery showcasing the beauty and tranquility of Greenleaves Holiday Homes. Experience luxury in natural surroundings.", "url": null, "image": "meta_image/meta_3Xjn4KI.png"}}, {"model": "web.meta", "pk": 5, "fields": {"page": "video_gallery", "title": "Video Gallery", "meta_title": "Discover Our Video Gallery", "meta_description": "Watch videos of Greenleaves Holiday Homes and immerse yourself in the serene beauty of our luxury accommodations.", "url": null, "image": "meta_image/meta_qv6HlU0.png"}}, {"model": "web.meta", "pk": 6, "fields": {"page": "nearby_place", "title": "Nearby Places", "meta_title": "Explore Nearby Attractions", "meta_description": "Discover nearby attractions and activities around Greenleaves Holiday Homes. Enhance your stay with local experiences.", "url": null, "image": "meta_image/meta_ajQcAYQ.png"}}, {"model": "web.meta", "pk": 7, "fields": {"page": "updates", "title": "Updates", "meta_title": "Latest Updates and News", "meta_description": "Stay informed with the latest news and updates from Greenleaves Holiday Homes. Learn about our special offers and events.", "url": null, "image": "meta_image/meta_7mln0Nh.png"}}, {"model": "web.meta", "pk": 8, "fields": {"page": "contact_us", "title": "Contact Us", "meta_title": "Contact Greenleaves Holiday Homes", "meta_description": "Contact Greenleaves Holiday Homes for inquiries, reservations, or more information. Our team is here to assist you.", "url": null, "image": "meta_image/meta_WAEm8YO.png"}}]